ContentID,Category,Tags,Title
1,Tom Brady,Tom Brady Highlights,Tom Brady: A Career Retrospective
2,Tom Brady,Brady Interview,Exclusive Interview with Tom Brady
3,Tom Brady,Brady Super Bowl,Tom Brady’s Super Bowl Victories
4,Tom Brady,Brady Training,Tom Brady’s Offseason Training
5,Tom Brady,Brady MVP Moments,Tom Brady’s MVP Season Highlights
6,NFL General,NFL Week Highlights,This Week in NFL: Top Highlights
7,NFL General,Top NFL Plays,Season’s Top NFL Plays
8,NFL General,NFL Strategy,Decoding NFL Strategies
9,NFL General,Rookie Highlights,Rising Stars: Rookie Highlights
10,NFL General,NFL Draft Analysis,Deep Dive: NFL Draft Analysis
11,NFL General,Season Predictions,NFL Season Predictions: Who’s Winning?
12,NFL General,NFL Great Moments,Unforgettable Moments in NFL History
13,NFL General,Top NFL Defenses,Ranking the NFL’s Top Defenses
14,NFL General,NFL Upsets,Biggest Upsets in NFL History
15,NFL General,NFL Rivalries,Epic Rivalries: NFL’s Greatest
16,Jason Kelce,Kelce Highlights,Jason Kelce’s Journey to the Top
17,Jason Kelce,Kelce vs Brady,Brady vs Kelce: A Tale of Titans
18,Jason Kelce,Kelce Interview,A Day in the Life: Jason Kelce
19,Jason Kelce,Kelce Training,Jason Kelce’s Training Regime
20,Jason Kelce,Kelce Best Plays,Jason Kelce’s Best Plays Compilation
